Model version,EM,Release date,Organization,Country,Training compute (FLOP),Training compute notes,Name,Shots,Notes,Source,Source link,id
claude-2.0,0.875,2023-07-11,Anthropic,United States of America,3.866e+24,https://colab.research.google.com/drive/1MdPuhS4Emaf23VXYZ-ooExDW-5GXZkw0#scrollTo=Ds0Q5X8aMnOY,Claude 2,5,,Model Card and Evaluations for Claude Models,https://www-cdn.anthropic.com/5c49cc247484cecf107c699baf29250302e5da70/claude-2-model-card.pdf,recTmyjydTD3zEmrN
claude-instant-1.1,0.789,,Anthropic,United States of America,,,Claude instant,5,,Model Card and Evaluations for Claude Models,https://www-cdn.anthropic.com/5c49cc247484cecf107c699baf29250302e5da70/claude-2-model-card.pdf,rec2o8utHtyekSr2n
gpt-4-0613,0.848,2023-06-13,OpenAI,United States of America,2.1e+25,"90% CI: 8.2E+24 to 4.4E+25

NOTE: this is a rough estimate based on public information, much less information than most other systems in the database.

Calculation and confidence intervals here: https://colab.research.google.com/drive/1O99z9b1I5O66bT78r9ScslE_nOj5irN9?usp=sharing",GPT-4-0613,,,PapersWithCode,https://paperswithcode.com/sota/question-answering-on-triviaqa,recLawKW7ayTST6hX
claude-1.3,0.867,2023-04-18,Anthropic,United States of America,,,Claude 1.3,5,,Model Card and Evaluations for Claude Models,https://www-cdn.anthropic.com/5c49cc247484cecf107c699baf29250302e5da70/claude-2-model-card.pdf,recqOhSu3mm8qtu8u
PaLM 2-L,0.861,2023-05-17,,,,,PaLM 2-L,1,,PaLM 2 Technical Report,https://arxiv.org/pdf/2305.10403,rec2eB4hK2TZtrSFg
Llama-2-70b-hf ,0.85,2023-07-18,Meta AI,United States of America,8.1e+23,"""Pretraining utilized a cumulative 3.3M GPU hours of computation on hardware of type A100-80GB"" of which 1720320 GPU hours were used to train the 70B model.

311.84 BF16 TFLOP/s * 1720320 hours * 0.40 utilization = 7.725e+23 FLOP.

Alternatively: the model was trained for 1 epoch on 2 trillion tokens and has 70B parameters. C = 6ND = 6*70B*2T = 8.4e+23 FLOP.",LLaMA 2 70B,1,,Llama 2: Open Foundation and Fine-Tuned Chat Models,https://arxiv.org/pdf/2307.09288v2,recSXmx6Jt3xz96O1
PaLM 2-M,0.817,2023-05-17,,,,,PaLM 2-M,1,,PaLM 2 Technical Report,https://arxiv.org/pdf/2305.10403,reczS1Jlz0DzFtnq1
PaLM 540B,0.769,2022-04-04,Google Research,United States of America,2.5272e+24,"See Table 20.

6144 TPUv4 for 1200 hours + 3072 TPUv4 for 336 hours.
Equivalent to 6144 TPUv4 for 1368 hours.

46.2% model FLOPs utilization

""The 540B-parameter PaLM model sustained a remarkable 57.8% of the peak hardware floating point performance over 50 days while training on TPU v4 supercomputers."" https://cloud.google.com/blog/topics/systems/tpu-v4-enables-performance-energy-and-co2e-efficiency-gains",PaLM-540B,0,,PaLM: Scaling Language Modeling with Pathways,https://www.jmlr.org/papers/volume24/22-1144/22-1144.pdf,recjb3O3PZmDHTwPt
PaLM 540B,0.814,2022-04-04,Google Research,United States of America,2.5272e+24,"See Table 20.

6144 TPUv4 for 1200 hours + 3072 TPUv4 for 336 hours.
Equivalent to 6144 TPUv4 for 1368 hours.

46.2% model FLOPs utilization

""The 540B-parameter PaLM model sustained a remarkable 57.8% of the peak hardware floating point performance over 50 days while training on TPU v4 supercomputers."" https://cloud.google.com/blog/topics/systems/tpu-v4-enables-performance-energy-and-co2e-efficiency-gains",PaLM-540B,1,,PaLM: Scaling Language Modeling with Pathways,https://www.jmlr.org/papers/volume24/22-1144/22-1144.pdf,recrfwOWCS1C7TstM
PaLM 540B,0.814,2022-04-04,Google Research,United States of America,2.5272e+24,"See Table 20.

6144 TPUv4 for 1200 hours + 3072 TPUv4 for 336 hours.
Equivalent to 6144 TPUv4 for 1368 hours.

46.2% model FLOPs utilization

""The 540B-parameter PaLM model sustained a remarkable 57.8% of the peak hardware floating point performance over 50 days while training on TPU v4 supercomputers."" https://cloud.google.com/blog/topics/systems/tpu-v4-enables-performance-energy-and-co2e-efficiency-gains",PaLM-540B,few,,PaLM: Scaling Language Modeling with Pathways,https://www.jmlr.org/papers/volume24/22-1144/22-1144.pdf,recQGR1k0JWfvm4YO
PaLM 2-S,0.752,2023-05-17,,,,,PaLM 2-S,1,,PaLM 2 Technical Report,https://arxiv.org/pdf/2305.10403,rec1H51pEEne0IdGs
text-davinci-001,0.712,2022-01-27,OpenAI,United States of America,3.19181e+23,"""training our 175B PPO-ptx model requires 60 petaflops/s-days, compared to 3,640 petaflops/s-days for GPT-3 (Brown et al., 2020)""

60/3640 = +1.65% to base model compute

base model was reported 3.14e+23 FLOP

3.14e+23 * 1.0165 = 319181000000000000000000",GPT-3,few,,Language Models are Few-Shot Learners,https://arxiv.org/pdf/2005.14165v4,rech95qTb390zRaA1
text-davinci-001,0.68,2022-01-27,OpenAI,United States of America,3.19181e+23,"""training our 175B PPO-ptx model requires 60 petaflops/s-days, compared to 3,640 petaflops/s-days for GPT-3 (Brown et al., 2020)""

60/3640 = +1.65% to base model compute

base model was reported 3.14e+23 FLOP

3.14e+23 * 1.0165 = 319181000000000000000000",GPT-3,1,,Language Models are Few-Shot Learners,https://arxiv.org/pdf/2005.14165v4,rec80FIbMEIFtngNq
text-davinci-001,0.643,2022-01-27,OpenAI,United States of America,3.19181e+23,"""training our 175B PPO-ptx model requires 60 petaflops/s-days, compared to 3,640 petaflops/s-days for GPT-3 (Brown et al., 2020)""

60/3640 = +1.65% to base model compute

base model was reported 3.14e+23 FLOP

3.14e+23 * 1.0165 = 319181000000000000000000",GPT-3,0,,Language Models are Few-Shot Learners,https://arxiv.org/pdf/2005.14165v4,recjbZ5iX41fMNKTS
gemma-2b,0.532,2024-02-21,Google DeepMind,United States of America,4.5115822e+22,"6ND = 6*2506434560.00 parameters * 3*10^12 training tokens = 4.5115822e+22

(assuming 1 epoch)",Gemma 2B,5,,Gemma: Open Models Based on Gemini Research and Technology,https://arxiv.org/pdf/2403.08295,recLZAYwaYmir4fkG
gemma-7b,0.634,2024-02-21,Google DeepMind,United States of America,3.07e+23,"6ND aproximation 6*8.54B*6T = 3.07e23
""Gemma 2B and 7B are trained on 2T and 6T tokens respectively of primarily-English data from web documents, mathematics, and code.""

As confirmation: ""We estimate the carbon emissions from pretraining the Gemma models to be ∼ 131 𝑡𝐶𝑂2𝑒𝑞. ""

U.S. avg CO2 per kWh is ~0.87lbs 
131 tCO2 * 2000 lb/t * (1 kWh/0.87lb) = 3.01e5 kWh

Per SemiAnalysis TPU v5e uses ~ 5x less power than H100, so ~140 W TDP
3.01e5 kWh * 1000 W/kW * 1 TPUv5e/140 W  = 2.15e6 TPUv5e-hours

In bf16 precision, TPUv5e has peak performance of 197 TF/s, so:
2.15e6 * 3600 * 197e12 * 0.3 = 4.57e23",Gemma 7B,5,,Gemma: Open Models Based on Gemini Research and Technology,https://arxiv.org/pdf/2403.08295,recUuVZqNjnF8nZ5p
Mistral-7B-v0.1,0.625,2023-09-27,Mistral AI,France,,,Mistral 7B,5,,Gemma: Open Models Based on Gemini Research and Technology,https://arxiv.org/pdf/2403.08295,recWGZr0UHYNvgMbt
Llama-2-7b,0.721,2023-07-18,Meta AI,United States of America,8.4e+22,"Trained on 2 trillion tokens per Table 1. 

C = 6ND = 6 FLOP / token / parameter * 7B parameters * 2T tokens = 8.4e+22 FLOP.

Also, 7B model was trained on 184320 GPU-hours

312 trillion * 184320 GPU-hours * 3600 sec/hour * 0.3 [utilization] = 6.21e22 FLOP",LLaMA-2 7B,5,,Gemma: Open Models Based on Gemini Research and Technology,https://arxiv.org/pdf/2403.08295,rec3x5YjE2OF68lfJ
Llama-2-13b,0.796,2023-07-18,Meta AI,United States of America,1.6e+23,13 billion parameters * 2 trillion tokens * 6 FLOP / token / parameter = 1.6e23 FLOP,LLaMA-2 13B,5,,Gemma: Open Models Based on Gemini Research and Technology,https://arxiv.org/pdf/2403.08295,recFncBMpsvN2mFPe
DeepSeek-V2,0.8,2024-05-07,DeepSeek,China,1.02e+24,21b active params * 8.1 trillion * 6 = 1.02e24,DeepSeek-V2 Base,5,,DeepSeek-V3 Technical Report,https://arxiv.org/pdf/2412.19437,recvyWDwCUBlqF0P5
Qwen2.5-72B,0.719,2024-09-19,Alibaba,China,7.8e+24,"Training dataset size was 18 trillion

6ND = 6 * 72.7 billion parameters * 18 trillion tokens = 7.8e24",Qwen2.5 72B Base,5,,DeepSeek-V3 Technical Report,https://arxiv.org/pdf/2412.19437,rec53JZuaKLqzEwju
DeepSeek-V3,0.829,2024-12-26,DeepSeek,China,3.3e+24,"6 × 37B × 14.8T = 3.29e24 pretraining FLOPs, 1e22 posttrainining FLOPs - see doc below

https://docs.google.com/document/d/1C4zBvHh4UNnzaorwQSdG61zQJsBV9X3i3A70NeelxHY/edit?usp=sharing",DeepSeek-V3 Base,5,,DeepSeek-V3 Technical Report,https://arxiv.org/pdf/2412.19437,rec9b6hIEDSUXwyOk
Llama-3.1-405B,0.827,2024-07-23,Meta AI,United States of America,3.8e+25,"Stated in paper.

Also, 6 * 405B * 15.6T training tokens = 3.8e25",LLaMA-3.1 405B Base,5,,DeepSeek-V3 Technical Report,https://arxiv.org/pdf/2412.19437,recNrDeTdobewAoHU
Phi-3-mini-4k-instruct,0.64,2024-04-23,Microsoft,United States of America,7.524e+22,"counting operations: 6×3.3×10^12 tokens ×3.8×10^9 parameters ≈7.524×10^22 FLOPS
hardware estimate: 7 days ×24 hours / day×3600 sec / hour *989,000,000,000,000 FLOP/s*512 GPUs*0.3 [assumed utilization]=9.187540992×10^22",Phi-3-mini,5,,Phi-3 Technical Report: A Highly Capable Language Model Locally on Your Phone,http://arxiv.org/abs/2404.14219,recXplA8GrPMhfKW1
Phi-3-small-8k-instruct,0.581,2024-04-23,Microsoft,United States of America,2.1312e+23,6ND = 6 FLOP / parameter / token * 7.4B parameters * 4.8T tokens = 2.1312e+23 FLOP,Phi-3-small,5,,Phi-3 Technical Report: A Highly Capable Language Model Locally on Your Phone,http://arxiv.org/abs/2404.14219,recXHoTSIBIjrb2hr
Phi-3-medium-128k-instruct,0.739,2024-04-23,Microsoft,United States of America,4.032e+23,counting operations: 6×4.8×10^12 tokens × 14×10^9 parameters ≈ 4.032×10^23 FLOPS,Phi-3-medium,5,,Phi-3 Technical Report: A Highly Capable Language Model Locally on Your Phone,http://arxiv.org/abs/2404.14219,recLjsOhngDpVoxi4
phi-2,0.452,2023-12-12,Microsoft,United States of America,2.27e+22,"2.7B params, trained on 1.4T tokens

2.7 billion * 1.4 trillion * 6 = 2.27e22

96*14 A100-days

14 * 96 * 312 trillion * 24 * 3600 * 0.3 = 1.09e22",Phi-2,5,,Phi-3 Technical Report: A Highly Capable Language Model Locally on Your Phone,http://arxiv.org/abs/2404.14219,recJZ6lcpMRWGlYfC
Mistral-7B-v0.1,0.752,2023-09-27,Mistral AI,France,,,Mistral 7b             ,5,,Phi-3 Technical Report: A Highly Capable Language Model Locally on Your Phone,http://arxiv.org/abs/2404.14219,reccS3oFHW9PBkukw
gemma-7b,0.723,2024-02-21,Google DeepMind,United States of America,3.07e+23,"6ND aproximation 6*8.54B*6T = 3.07e23
""Gemma 2B and 7B are trained on 2T and 6T tokens respectively of primarily-English data from web documents, mathematics, and code.""

As confirmation: ""We estimate the carbon emissions from pretraining the Gemma models to be ∼ 131 𝑡𝐶𝑂2𝑒𝑞. ""

U.S. avg CO2 per kWh is ~0.87lbs 
131 tCO2 * 2000 lb/t * (1 kWh/0.87lb) = 3.01e5 kWh

Per SemiAnalysis TPU v5e uses ~ 5x less power than H100, so ~140 W TDP
3.01e5 kWh * 1000 W/kW * 1 TPUv5e/140 W  = 2.15e6 TPUv5e-hours

In bf16 precision, TPUv5e has peak performance of 197 TF/s, so:
2.15e6 * 3600 * 197e12 * 0.3 = 4.57e23",Gemma 7b               ,5,,Phi-3 Technical Report: A Highly Capable Language Model Locally on Your Phone,http://arxiv.org/abs/2404.14219,recxcFhfalF9shRhu
Meta-Llama-3-8B-Instruct,0.677,2024-04-18,Meta AI,United States of America,7.2e+23,"Counting operations
15000000000000 tokens*8000000000.00 parameters*6 FLOP / token / parameter = 7.2×10^23 FLOP

GPU calculation
400 TFLOPS per GPU * 1.3M GPU hours * 3600s=1.872×10^24 
(it is not confident that 400 TFLOPs applies to the Llama 3-8B training run)",Llama-3-In 8b          ,5,,Phi-3 Technical Report: A Highly Capable Language Model Locally on Your Phone,http://arxiv.org/abs/2404.14219,recdU5vKsuTRE1e60
Mixtral-8x7B-v0.1,0.822,2023-12-11,Mistral AI,France,7.74e+23,"Assuming the model was trained on ~1-10 trillions of tokens (same OOM as the models from the comparison in Figure 1. Llama 2 was trained on 2T tokens) + Mistral Small 3 was trained on 8T of tokens, we can estimate training compute with ""speculative"" confidence:

6 FLOP / token / parameter * 12.9 * 10^9 active parameters * 10*10^12 tokens [speculatively] = 7.74e+23 FLOP",Mixtral 8x7b           ,5,,Phi-3 Technical Report: A Highly Capable Language Model Locally on Your Phone,http://arxiv.org/abs/2404.14219,recX29PfnrbG9x67s
gpt-3.5-turbo-1106,0.858,2023-11-06,OpenAI,United States of America,,,GPT-3.5 version 1106   ,5,,Phi-3 Technical Report: A Highly Capable Language Model Locally on Your Phone,http://arxiv.org/abs/2404.14219,rec9zhI3QCvrHtHw2
text-davinci-001,0.643,2022-01-27,OpenAI,United States of America,3.19181e+23,"""training our 175B PPO-ptx model requires 60 petaflops/s-days, compared to 3,640 petaflops/s-days for GPT-3 (Brown et al., 2020)""

60/3640 = +1.65% to base model compute

base model was reported 3.14e+23 FLOP

3.14e+23 * 1.0165 = 319181000000000000000000",GPT-3 (175B),0,,GLaM: Efficient Scaling of Language Models with Mixture-of-Experts,http://arxiv.org/abs/2112.06905,rec9QQGCXZgygnfBz
GLaM (MoE),0.713,2021-12-13,Google,United States of America,3.6363112434e+23,"The network activates 96.6 billion parameters per token and trained for 600B tokens.

6 * 600B * 96.6B = 3.478e23

Digitizing figure 4 (d) indicates 139.67 TPU-years of training. 
2.75e14 * 139.67 * 365.25 * 24 * 3600 * 0.3 = 3.636e23

Since these are close, we will use the 6NC estimate and derive hardware utilization from the training time information.

Later they say they measured 326W power usage per chip, which could maybe be used to estimate utilization.",GLaM,0,,GLaM: Efficient Scaling of Language Models with Mixture-of-Experts,http://arxiv.org/abs/2112.06905,recpfngtEfxU1D6zc
text-davinci-001,0.68,2022-01-27,OpenAI,United States of America,3.19181e+23,"""training our 175B PPO-ptx model requires 60 petaflops/s-days, compared to 3,640 petaflops/s-days for GPT-3 (Brown et al., 2020)""

60/3640 = +1.65% to base model compute

base model was reported 3.14e+23 FLOP

3.14e+23 * 1.0165 = 319181000000000000000000",GPT-3 (175B),1,,GLaM: Efficient Scaling of Language Models with Mixture-of-Experts,http://arxiv.org/abs/2112.06905,recEreiw1NzbvJYEK
GLaM (MoE),0.758,2021-12-13,Google,United States of America,3.6363112434e+23,"The network activates 96.6 billion parameters per token and trained for 600B tokens.

6 * 600B * 96.6B = 3.478e23

Digitizing figure 4 (d) indicates 139.67 TPU-years of training. 
2.75e14 * 139.67 * 365.25 * 24 * 3600 * 0.3 = 3.636e23

Since these are close, we will use the 6NC estimate and derive hardware utilization from the training time information.

Later they say they measured 326W power usage per chip, which could maybe be used to estimate utilization.",GLaM,1,,GLaM: Efficient Scaling of Language Models with Mixture-of-Experts,http://arxiv.org/abs/2112.06905,rec5nxJnKiiqNIm4u
text-davinci-001,0.712,2022-01-27,OpenAI,United States of America,3.19181e+23,"""training our 175B PPO-ptx model requires 60 petaflops/s-days, compared to 3,640 petaflops/s-days for GPT-3 (Brown et al., 2020)""

60/3640 = +1.65% to base model compute

base model was reported 3.14e+23 FLOP

3.14e+23 * 1.0165 = 319181000000000000000000",GPT-3,64,,GLaM: Efficient Scaling of Language Models with Mixture-of-Experts,http://arxiv.org/abs/2112.06905,recPrYWrsvsjKbhpk
Gopher (280B),0.571,2021-12-08,DeepMind,United Kingdom of Great Britain and Northern Ireland,6.31e+23,"Table A26
6.31E+08 Train PFLOPs",Gopher,64,,GLaM: Efficient Scaling of Language Models with Mixture-of-Experts,http://arxiv.org/abs/2112.06905,recTPeBzo4moFIytC
GLaM (MoE),0.758,2021-12-13,Google,United States of America,3.6363112434e+23,"The network activates 96.6 billion parameters per token and trained for 600B tokens.

6 * 600B * 96.6B = 3.478e23

Digitizing figure 4 (d) indicates 139.67 TPU-years of training. 
2.75e14 * 139.67 * 365.25 * 24 * 3600 * 0.3 = 3.636e23

Since these are close, we will use the 6NC estimate and derive hardware utilization from the training time information.

Later they say they measured 326W power usage per chip, which could maybe be used to estimate utilization.",GLaM,1,,GLaM: Efficient Scaling of Language Models with Mixture-of-Experts,http://arxiv.org/abs/2112.06905,recMagk4MHW8hCgKS
text-davinci-001,0.643,2022-01-27,OpenAI,United States of America,3.19181e+23,"""training our 175B PPO-ptx model requires 60 petaflops/s-days, compared to 3,640 petaflops/s-days for GPT-3 (Brown et al., 2020)""

60/3640 = +1.65% to base model compute

base model was reported 3.14e+23 FLOP

3.14e+23 * 1.0165 = 319181000000000000000000",GPT-3,0,,Language Models are Few-Shot Learners,http://arxiv.org/abs/2005.14165,recTEzt7DQe7MTvSz
text-davinci-001,0.68,2022-01-27,OpenAI,United States of America,3.19181e+23,"""training our 175B PPO-ptx model requires 60 petaflops/s-days, compared to 3,640 petaflops/s-days for GPT-3 (Brown et al., 2020)""

60/3640 = +1.65% to base model compute

base model was reported 3.14e+23 FLOP

3.14e+23 * 1.0165 = 319181000000000000000000",GPT-3,1,,Language Models are Few-Shot Learners,http://arxiv.org/abs/2005.14165,recbxIZpvmvJV4tOs
text-davinci-001,0.712,2022-01-27,OpenAI,United States of America,3.19181e+23,"""training our 175B PPO-ptx model requires 60 petaflops/s-days, compared to 3,640 petaflops/s-days for GPT-3 (Brown et al., 2020)""

60/3640 = +1.65% to base model compute

base model was reported 3.14e+23 FLOP

3.14e+23 * 1.0165 = 319181000000000000000000",GPT-3,few,,Language Models are Few-Shot Learners,http://arxiv.org/abs/2005.14165,recNaxMPrhoe9tttx
mpt-7b,0.557,2023-05-05,MosaicML,United States of America,4.2000000000000004e+22,"""As shown in Table 3, nearly all of the training budget was spent on the base MPT-7B model, which took ~9.5 days to train on 440xA100-40GB GPUs, and cost ~$200k.""",MPT 7B,0,,Llama 2: Open Foundation and Fine-Tuned Chat Models,http://arxiv.org/abs/2307.09288,recxHPOudfnEYsSKo
mpt-30b,0.68,2023-06-22,MosaicML,United States of America,1.8900000000001e+23,"According to their blog post,
""MPT-30B FLOPs ~= 6 * 30e9 [params] * 1.05e12 [tokens] = 1.89e23 FLOPs""",MPT 30B,0,,Llama 2: Open Foundation and Fine-Tuned Chat Models,http://arxiv.org/abs/2307.09288,recZdKly7cWCpB6z4
falcon-7b,0.526,2023-04-24,Technology Innovation Institute,United Arab Emirates,6.3e+22,"6ND = 6 * 7B * 1.5T = 6.3e22
""Falcon-7B is a 7B parameters causal decoder-only model built by TII and trained on 1,500B tokens of RefinedWeb enhanced with curated corpora. It is made available under the Apache 2.0 license.""

Table 1 from https://arxiv.org/pdf/2311.16867 Falcon paper

730 petaflop-days * 1e15 * 24 * 3600 = 6.3072e+22 FLOPs",Falcon 7B,0,,Llama 2: Open Foundation and Fine-Tuned Chat Models,http://arxiv.org/abs/2307.09288,recSAMMSyXiWsKmQM
falcon-40b,0.746,2023-03-15,Technology Innovation Institute,United Arab Emirates,2.4e+23,"C = 6ND = 6 * 40B * 1000B = 2.4e+23 FLOP (assuming one epoch)

Table 1 from https://arxiv.org/pdf/2311.16867 Falcon paper

2,800 petaflop-days * 1e15 * 24 * 3600 = 2.4192e+23 FLOPs",Falcon 40B,0,,Llama 2: Open Foundation and Fine-Tuned Chat Models,http://arxiv.org/abs/2307.09288,recSSBi5NOmlpF1Wf
LLaMA-7B,0.633,2023-02-24,Meta AI,United States of America,4.00000001e+22,"1T tokens * 6.7B parameters * 6 FLOP/token/parameter = 4e22 FLOP
",LLAMA 1 7B,0,,Llama 2: Open Foundation and Fine-Tuned Chat Models,http://arxiv.org/abs/2307.09288,recCLEbg8Fr5L4iUB
LLaMA-13B,0.701,2023-02-24,Meta AI,United States of America,7.8e+22,"1T tokens * 13B parameters * 6 FLOP/token/parameter = 7.8e22

from paper, Llama-13B took 135,168 GPU hours using A100s

312 trillion * 135,168 * 3600 = 1.518e23 FLOPs at full utilization
This implies that the actual utilization was:
MFU = 7.8e22/1.518e23 = 0.514",LLAMA 1 13B,0,,Llama 2: Open Foundation and Fine-Tuned Chat Models,http://arxiv.org/abs/2307.09288,rec2WVnSxDCxf1TaT
LLaMA-33B,0.787,2023-02-24,Meta AI,United States of America,2.7300000000001e+23,1.4T tokens * 32.5B params * 6 FLOP/token/param = 2.73e+23 FLOP,LLAMA 1 33B,0,,Llama 2: Open Foundation and Fine-Tuned Chat Models,http://arxiv.org/abs/2307.09288,rectI7ZO1EbE1psOu
LLaMA-65B,0.817,2023-02-24,Meta AI,United States of America,5.5e+23,1.4e12 tokens * 6.52e10 parameters * 6 FLOP/token/parameter = 5.5e23 FLOP,LLAMA 1 65B,0,,Llama 2: Open Foundation and Fine-Tuned Chat Models,http://arxiv.org/abs/2307.09288,recvGyvO0ekg8Xnyf
Llama-2-7b,0.658,2023-07-18,Meta AI,United States of America,8.4e+22,"Trained on 2 trillion tokens per Table 1. 

C = 6ND = 6 FLOP / token / parameter * 7B parameters * 2T tokens = 8.4e+22 FLOP.

Also, 7B model was trained on 184320 GPU-hours

312 trillion * 184320 GPU-hours * 3600 sec/hour * 0.3 [utilization] = 6.21e22 FLOP",LLAMA 2 7B,0,,Llama 2: Open Foundation and Fine-Tuned Chat Models,http://arxiv.org/abs/2307.09288,rec3QdcfMo7naAw5B
Llama-2-13b,0.731,2023-07-18,Meta AI,United States of America,1.6e+23,13 billion parameters * 2 trillion tokens * 6 FLOP / token / parameter = 1.6e23 FLOP,LLAMA 2 13B,0,,Llama 2: Open Foundation and Fine-Tuned Chat Models,http://arxiv.org/abs/2307.09288,recCxf9PmXq2B1Tgv
Llama-2-34b,0.81,2023-07-18,Meta AI,United States of America,4.08e+23,"All models sizes trained on 2.0T tokens, per table 1
2T * 34b * 6 = 4.08e23

Also trained on 1038336 A100-hours, which is 3.5e23 at 30% utilization. So the utilization was probably around 35%.",LLAMA 2 34B,0,,Llama 2: Open Foundation and Fine-Tuned Chat Models,http://arxiv.org/abs/2307.09288,recQWr69MKaXBNEOe
Llama-2-70b-hf ,0.824,2023-07-18,Meta AI,United States of America,8.1e+23,"""Pretraining utilized a cumulative 3.3M GPU hours of computation on hardware of type A100-80GB"" of which 1720320 GPU hours were used to train the 70B model.

311.84 BF16 TFLOP/s * 1720320 hours * 0.40 utilization = 7.725e+23 FLOP.

Alternatively: the model was trained for 1 epoch on 2 trillion tokens and has 70B parameters. C = 6ND = 6*70B*2T = 8.4e+23 FLOP.",LLAMA 2 70B,0,,Llama 2: Open Foundation and Fine-Tuned Chat Models,http://arxiv.org/abs/2307.09288,recBs16PqLYX6M8Ct
mpt-7b,0.596,2023-05-05,MosaicML,United States of America,4.2000000000000004e+22,"""As shown in Table 3, nearly all of the training budget was spent on the base MPT-7B model, which took ~9.5 days to train on 440xA100-40GB GPUs, and cost ~$200k.""",MPT 7B,1,,Llama 2: Open Foundation and Fine-Tuned Chat Models,http://arxiv.org/abs/2307.09288,recF1NDi4Po3tFG0O
mpt-30b,0.713,2023-06-22,MosaicML,United States of America,1.8900000000001e+23,"According to their blog post,
""MPT-30B FLOPs ~= 6 * 30e9 [params] * 1.05e12 [tokens] = 1.89e23 FLOPs""",MPT 30B,1,,Llama 2: Open Foundation and Fine-Tuned Chat Models,http://arxiv.org/abs/2307.09288,recJwCErRtLEN58c3
falcon-7b,0.568,2023-04-24,Technology Innovation Institute,United Arab Emirates,6.3e+22,"6ND = 6 * 7B * 1.5T = 6.3e22
""Falcon-7B is a 7B parameters causal decoder-only model built by TII and trained on 1,500B tokens of RefinedWeb enhanced with curated corpora. It is made available under the Apache 2.0 license.""

Table 1 from https://arxiv.org/pdf/2311.16867 Falcon paper

730 petaflop-days * 1e15 * 24 * 3600 = 6.3072e+22 FLOPs",Falcon 7B,1,,Llama 2: Open Foundation and Fine-Tuned Chat Models,http://arxiv.org/abs/2307.09288,recq3CUWtharnjJU3
falcon-40b,0.786,2023-03-15,Technology Innovation Institute,United Arab Emirates,2.4e+23,"C = 6ND = 6 * 40B * 1000B = 2.4e+23 FLOP (assuming one epoch)

Table 1 from https://arxiv.org/pdf/2311.16867 Falcon paper

2,800 petaflop-days * 1e15 * 24 * 3600 = 2.4192e+23 FLOPs",Falcon 40B,1,,Llama 2: Open Foundation and Fine-Tuned Chat Models,http://arxiv.org/abs/2307.09288,recMXULQHaMWEPQi9
LLaMA-7B,0.674,2023-02-24,Meta AI,United States of America,4.00000001e+22,"1T tokens * 6.7B parameters * 6 FLOP/token/parameter = 4e22 FLOP
",LLAMA 1 7B,1,,Llama 2: Open Foundation and Fine-Tuned Chat Models,http://arxiv.org/abs/2307.09288,rec8GQLFVuPKD6gyb
LLaMA-13B,0.744,2023-02-24,Meta AI,United States of America,7.8e+22,"1T tokens * 13B parameters * 6 FLOP/token/parameter = 7.8e22

from paper, Llama-13B took 135,168 GPU hours using A100s

312 trillion * 135,168 * 3600 = 1.518e23 FLOPs at full utilization
This implies that the actual utilization was:
MFU = 7.8e22/1.518e23 = 0.514",LLAMA 1 13B,1,,Llama 2: Open Foundation and Fine-Tuned Chat Models,http://arxiv.org/abs/2307.09288,recRwFCEXvySQabBx
LLaMA-33B,0.807,2023-02-24,Meta AI,United States of America,2.7300000000001e+23,1.4T tokens * 32.5B params * 6 FLOP/token/param = 2.73e+23 FLOP,LLAMA 1 33B,1,,Llama 2: Open Foundation and Fine-Tuned Chat Models,http://arxiv.org/abs/2307.09288,rec8onltex0qQybgU
LLaMA-65B,0.845,2023-02-24,Meta AI,United States of America,5.5e+23,1.4e12 tokens * 6.52e10 parameters * 6 FLOP/token/parameter = 5.5e23 FLOP,LLAMA 1 65B,1,,Llama 2: Open Foundation and Fine-Tuned Chat Models,http://arxiv.org/abs/2307.09288,rec9BGXGx4cOBdEgJ
Llama-2-7b,0.689,2023-07-18,Meta AI,United States of America,8.4e+22,"Trained on 2 trillion tokens per Table 1. 

C = 6ND = 6 FLOP / token / parameter * 7B parameters * 2T tokens = 8.4e+22 FLOP.

Also, 7B model was trained on 184320 GPU-hours

312 trillion * 184320 GPU-hours * 3600 sec/hour * 0.3 [utilization] = 6.21e22 FLOP",LLAMA 2 7B,1,,Llama 2: Open Foundation and Fine-Tuned Chat Models,http://arxiv.org/abs/2307.09288,recCatGFAGRahbmdQ
Llama-2-13b,0.772,2023-07-18,Meta AI,United States of America,1.6e+23,13 billion parameters * 2 trillion tokens * 6 FLOP / token / parameter = 1.6e23 FLOP,LLAMA 2 13B,1,,Llama 2: Open Foundation and Fine-Tuned Chat Models,http://arxiv.org/abs/2307.09288,recbu9TKWP3KR1Zlu
Llama-2-34b,0.833,2023-07-18,Meta AI,United States of America,4.08e+23,"All models sizes trained on 2.0T tokens, per table 1
2T * 34b * 6 = 4.08e23

Also trained on 1038336 A100-hours, which is 3.5e23 at 30% utilization. So the utilization was probably around 35%.",LLAMA 2 34B,1,,Llama 2: Open Foundation and Fine-Tuned Chat Models,http://arxiv.org/abs/2307.09288,recDUk2ykCxMIEdvS
Llama-2-70b-hf ,0.85,2023-07-18,Meta AI,United States of America,8.1e+23,"""Pretraining utilized a cumulative 3.3M GPU hours of computation on hardware of type A100-80GB"" of which 1720320 GPU hours were used to train the 70B model.

311.84 BF16 TFLOP/s * 1720320 hours * 0.40 utilization = 7.725e+23 FLOP.

Alternatively: the model was trained for 1 epoch on 2 trillion tokens and has 70B parameters. C = 6ND = 6*70B*2T = 8.4e+23 FLOP.",LLAMA 2 70B,1,,Llama 2: Open Foundation and Fine-Tuned Chat Models,http://arxiv.org/abs/2307.09288,recu7hSGTkBIUK6uz
mpt-7b,0.612,2023-05-05,MosaicML,United States of America,4.2000000000000004e+22,"""As shown in Table 3, nearly all of the training budget was spent on the base MPT-7B model, which took ~9.5 days to train on 440xA100-40GB GPUs, and cost ~$200k.""",MPT 7B,5,,Llama 2: Open Foundation and Fine-Tuned Chat Models,http://arxiv.org/abs/2307.09288,recAg3ij56SMsYKCs
mpt-30b,0.733,2023-06-22,MosaicML,United States of America,1.8900000000001e+23,"According to their blog post,
""MPT-30B FLOPs ~= 6 * 30e9 [params] * 1.05e12 [tokens] = 1.89e23 FLOPs""",MPT 30B,5,,Llama 2: Open Foundation and Fine-Tuned Chat Models,http://arxiv.org/abs/2307.09288,rec1R50MzTdbjFMas
falcon-7b,0.646,2023-04-24,Technology Innovation Institute,United Arab Emirates,6.3e+22,"6ND = 6 * 7B * 1.5T = 6.3e22
""Falcon-7B is a 7B parameters causal decoder-only model built by TII and trained on 1,500B tokens of RefinedWeb enhanced with curated corpora. It is made available under the Apache 2.0 license.""

Table 1 from https://arxiv.org/pdf/2311.16867 Falcon paper

730 petaflop-days * 1e15 * 24 * 3600 = 6.3072e+22 FLOPs",Falcon 7B,5,,Llama 2: Open Foundation and Fine-Tuned Chat Models,http://arxiv.org/abs/2307.09288,rec432VRSzNpUr2vd
falcon-40b,0.799,2023-03-15,Technology Innovation Institute,United Arab Emirates,2.4e+23,"C = 6ND = 6 * 40B * 1000B = 2.4e+23 FLOP (assuming one epoch)

Table 1 from https://arxiv.org/pdf/2311.16867 Falcon paper

2,800 petaflop-days * 1e15 * 24 * 3600 = 2.4192e+23 FLOPs",Falcon 40B,5,,Llama 2: Open Foundation and Fine-Tuned Chat Models,http://arxiv.org/abs/2307.09288,recaRROdzmQnlf6Ri
LLaMA-7B,0.704,2023-02-24,Meta AI,United States of America,4.00000001e+22,"1T tokens * 6.7B parameters * 6 FLOP/token/parameter = 4e22 FLOP
",LLAMA 1 7B,5,,Llama 2: Open Foundation and Fine-Tuned Chat Models,http://arxiv.org/abs/2307.09288,reclnkTiXtySsU5iU
LLaMA-13B,0.771,2023-02-24,Meta AI,United States of America,7.8e+22,"1T tokens * 13B parameters * 6 FLOP/token/parameter = 7.8e22

from paper, Llama-13B took 135,168 GPU hours using A100s

312 trillion * 135,168 * 3600 = 1.518e23 FLOPs at full utilization
This implies that the actual utilization was:
MFU = 7.8e22/1.518e23 = 0.514",LLAMA 1 13B,5,,Llama 2: Open Foundation and Fine-Tuned Chat Models,http://arxiv.org/abs/2307.09288,recxTxb1Z8P7JOZv9
LLaMA-33B,0.838,2023-02-24,Meta AI,United States of America,2.7300000000001e+23,1.4T tokens * 32.5B params * 6 FLOP/token/param = 2.73e+23 FLOP,LLAMA 1 33B,5,,Llama 2: Open Foundation and Fine-Tuned Chat Models,http://arxiv.org/abs/2307.09288,rec4UT13sFHK39weH
LLaMA-65B,0.859,2023-02-24,Meta AI,United States of America,5.5e+23,1.4e12 tokens * 6.52e10 parameters * 6 FLOP/token/parameter = 5.5e23 FLOP,LLAMA 1 65B,5,,Llama 2: Open Foundation and Fine-Tuned Chat Models,http://arxiv.org/abs/2307.09288,recpk7XDG6nKdNpIg
Llama-2-7b,0.721,2023-07-18,Meta AI,United States of America,8.4e+22,"Trained on 2 trillion tokens per Table 1. 

C = 6ND = 6 FLOP / token / parameter * 7B parameters * 2T tokens = 8.4e+22 FLOP.

Also, 7B model was trained on 184320 GPU-hours

312 trillion * 184320 GPU-hours * 3600 sec/hour * 0.3 [utilization] = 6.21e22 FLOP",LLAMA 2 7B,5,,Llama 2: Open Foundation and Fine-Tuned Chat Models,http://arxiv.org/abs/2307.09288,recB9XYISuhZ0mvnt
Llama-2-13b,0.796,2023-07-18,Meta AI,United States of America,1.6e+23,13 billion parameters * 2 trillion tokens * 6 FLOP / token / parameter = 1.6e23 FLOP,LLAMA 2 13B,5,,Llama 2: Open Foundation and Fine-Tuned Chat Models,http://arxiv.org/abs/2307.09288,recMqqlRlGjkDv2qu
Llama-2-34b,0.845,2023-07-18,Meta AI,United States of America,4.08e+23,"All models sizes trained on 2.0T tokens, per table 1
2T * 34b * 6 = 4.08e23

Also trained on 1038336 A100-hours, which is 3.5e23 at 30% utilization. So the utilization was probably around 35%.",LLAMA 2 34B,5,,Llama 2: Open Foundation and Fine-Tuned Chat Models,http://arxiv.org/abs/2307.09288,recJdaeqGegzSAa4P
Llama-2-70b-hf ,0.876,2023-07-18,Meta AI,United States of America,8.1e+23,"""Pretraining utilized a cumulative 3.3M GPU hours of computation on hardware of type A100-80GB"" of which 1720320 GPU hours were used to train the 70B model.

311.84 BF16 TFLOP/s * 1720320 hours * 0.40 utilization = 7.725e+23 FLOP.

Alternatively: the model was trained for 1 epoch on 2 trillion tokens and has 70B parameters. C = 6ND = 6*70B*2T = 8.4e+23 FLOP.",LLAMA 2 70B,5,,Llama 2: Open Foundation and Fine-Tuned Chat Models,http://arxiv.org/abs/2307.09288,recaPm1UihmalxzSJ
mpt-7b,0.616,2023-05-05,MosaicML,United States of America,4.2000000000000004e+22,"""As shown in Table 3, nearly all of the training budget was spent on the base MPT-7B model, which took ~9.5 days to train on 440xA100-40GB GPUs, and cost ~$200k.""",MPT 7B,64,,Llama 2: Open Foundation and Fine-Tuned Chat Models,http://arxiv.org/abs/2307.09288,rechg030AkzmiWBU4
mpt-30b,0.736,2023-06-22,MosaicML,United States of America,1.8900000000001e+23,"According to their blog post,
""MPT-30B FLOPs ~= 6 * 30e9 [params] * 1.05e12 [tokens] = 1.89e23 FLOPs""",MPT 30B,64,,Llama 2: Open Foundation and Fine-Tuned Chat Models,http://arxiv.org/abs/2307.09288,reccDYpXS53UyENQM
falcon-7b,0.611,2023-04-24,Technology Innovation Institute,United Arab Emirates,6.3e+22,"6ND = 6 * 7B * 1.5T = 6.3e22
""Falcon-7B is a 7B parameters causal decoder-only model built by TII and trained on 1,500B tokens of RefinedWeb enhanced with curated corpora. It is made available under the Apache 2.0 license.""

Table 1 from https://arxiv.org/pdf/2311.16867 Falcon paper

730 petaflop-days * 1e15 * 24 * 3600 = 6.3072e+22 FLOPs",Falcon 7B,64,,Llama 2: Open Foundation and Fine-Tuned Chat Models,http://arxiv.org/abs/2307.09288,recOKNmFGqwz432S7
falcon-40b,0.796,2023-03-15,Technology Innovation Institute,United Arab Emirates,2.4e+23,"C = 6ND = 6 * 40B * 1000B = 2.4e+23 FLOP (assuming one epoch)

Table 1 from https://arxiv.org/pdf/2311.16867 Falcon paper

2,800 petaflop-days * 1e15 * 24 * 3600 = 2.4192e+23 FLOPs",Falcon 40B,64,,Llama 2: Open Foundation and Fine-Tuned Chat Models,http://arxiv.org/abs/2307.09288,recr4IlXlA3vTmsO5
LLaMA-7B,0.71,2023-02-24,Meta AI,United States of America,4.00000001e+22,"1T tokens * 6.7B parameters * 6 FLOP/token/parameter = 4e22 FLOP
",LLAMA 1 7B,64,,Llama 2: Open Foundation and Fine-Tuned Chat Models,http://arxiv.org/abs/2307.09288,recm141PCpwLC6YtJ
LLaMA-13B,0.779,2023-02-24,Meta AI,United States of America,7.8e+22,"1T tokens * 13B parameters * 6 FLOP/token/parameter = 7.8e22

from paper, Llama-13B took 135,168 GPU hours using A100s

312 trillion * 135,168 * 3600 = 1.518e23 FLOPs at full utilization
This implies that the actual utilization was:
MFU = 7.8e22/1.518e23 = 0.514",LLAMA 1 13B,64,,Llama 2: Open Foundation and Fine-Tuned Chat Models,http://arxiv.org/abs/2307.09288,recb5fYdoFf6gvCeq
LLaMA-33B,0.836,2023-02-24,Meta AI,United States of America,2.7300000000001e+23,1.4T tokens * 32.5B params * 6 FLOP/token/param = 2.73e+23 FLOP,LLAMA 1 33B,64,,Llama 2: Open Foundation and Fine-Tuned Chat Models,http://arxiv.org/abs/2307.09288,recbxBZXIp802OvtJ
LLaMA-65B,0.86,2023-02-24,Meta AI,United States of America,5.5e+23,1.4e12 tokens * 6.52e10 parameters * 6 FLOP/token/parameter = 5.5e23 FLOP,LLAMA 1 65B,64,,Llama 2: Open Foundation and Fine-Tuned Chat Models,http://arxiv.org/abs/2307.09288,recWNmgYCvQokgf0f
Llama-2-7b,0.737,2023-07-18,Meta AI,United States of America,8.4e+22,"Trained on 2 trillion tokens per Table 1. 

C = 6ND = 6 FLOP / token / parameter * 7B parameters * 2T tokens = 8.4e+22 FLOP.

Also, 7B model was trained on 184320 GPU-hours

312 trillion * 184320 GPU-hours * 3600 sec/hour * 0.3 [utilization] = 6.21e22 FLOP",LLAMA 2 7B,64,,Llama 2: Open Foundation and Fine-Tuned Chat Models,http://arxiv.org/abs/2307.09288,recx2RC7OcrgdI4q1
Llama-2-13b,0.794,2023-07-18,Meta AI,United States of America,1.6e+23,13 billion parameters * 2 trillion tokens * 6 FLOP / token / parameter = 1.6e23 FLOP,LLAMA 2 13B,64,,Llama 2: Open Foundation and Fine-Tuned Chat Models,http://arxiv.org/abs/2307.09288,recp8ob2tSNVHQ3xu
Llama-2-34b,0.846,2023-07-18,Meta AI,United States of America,4.08e+23,"All models sizes trained on 2.0T tokens, per table 1
2T * 34b * 6 = 4.08e23

Also trained on 1038336 A100-hours, which is 3.5e23 at 30% utilization. So the utilization was probably around 35%.",LLAMA 2 34B,64,,Llama 2: Open Foundation and Fine-Tuned Chat Models,http://arxiv.org/abs/2307.09288,rec7vgP607mIOWpG9
Llama-2-70b-hf ,0.875,2023-07-18,Meta AI,United States of America,8.1e+23,"""Pretraining utilized a cumulative 3.3M GPU hours of computation on hardware of type A100-80GB"" of which 1720320 GPU hours were used to train the 70B model.

311.84 BF16 TFLOP/s * 1720320 hours * 0.40 utilization = 7.725e+23 FLOP.

Alternatively: the model was trained for 1 epoch on 2 trillion tokens and has 70B parameters. C = 6ND = 6*70B*2T = 8.4e+23 FLOP.",LLAMA 2 70B,64,,Llama 2: Open Foundation and Fine-Tuned Chat Models,http://arxiv.org/abs/2307.09288,recrVtUWFAXNf8Px7
Gopher (280B),0.435,2021-12-08,DeepMind,United Kingdom of Great Britain and Northern Ireland,6.31e+23,"Table A26
6.31E+08 Train PFLOPs",Gopher 280B,0,,LLaMA: Open and Efficient Foundation Language Models,http://arxiv.org/abs/2302.13971,rec7K8WKjBBVw4Nsp
Chinchilla (70B),0.554,2022-03-29,DeepMind,United Kingdom of Great Britain and Northern Ireland,5.76e+23,"""Both Chinchilla and Gopher have been trained for the same number of FLOPs but differ in the size of the model and the number of training tokens.""

We see the number of flops in table 3",Chinchilla 70B,0,,LLaMA: Open and Efficient Foundation Language Models,http://arxiv.org/abs/2302.13971,recFzzrC4aa3N4f2U
LLaMA-7B,0.5,2023-02-24,Meta AI,United States of America,4.00000001e+22,"1T tokens * 6.7B parameters * 6 FLOP/token/parameter = 4e22 FLOP
",LLaMA 7B,0,,LLaMA: Open and Efficient Foundation Language Models,http://arxiv.org/abs/2302.13971,rec8VC85NYcvUmEEb
LLaMA-13B,0.566,2023-02-24,Meta AI,United States of America,7.8e+22,"1T tokens * 13B parameters * 6 FLOP/token/parameter = 7.8e22

from paper, Llama-13B took 135,168 GPU hours using A100s

312 trillion * 135,168 * 3600 = 1.518e23 FLOPs at full utilization
This implies that the actual utilization was:
MFU = 7.8e22/1.518e23 = 0.514",LLaMA 13B,0,,LLaMA: Open and Efficient Foundation Language Models,http://arxiv.org/abs/2302.13971,recaX2Uhmvyw9wvhN
LLaMA-33B,0.651,2023-02-24,Meta AI,United States of America,2.7300000000001e+23,1.4T tokens * 32.5B params * 6 FLOP/token/param = 2.73e+23 FLOP,LLaMA 33B,0,,LLaMA: Open and Efficient Foundation Language Models,http://arxiv.org/abs/2302.13971,recpBHyQn5yoic5UD
LLaMA-65B,0.682,2023-02-24,Meta AI,United States of America,5.5e+23,1.4e12 tokens * 6.52e10 parameters * 6 FLOP/token/parameter = 5.5e23 FLOP,LLaMA 65B,0,,LLaMA: Open and Efficient Foundation Language Models,http://arxiv.org/abs/2302.13971,recH0bUglM0szsv3e
LLaMA-7B,0.534,2023-02-24,Meta AI,United States of America,4.00000001e+22,"1T tokens * 6.7B parameters * 6 FLOP/token/parameter = 4e22 FLOP
",LLaMA 7B,1,,LLaMA: Open and Efficient Foundation Language Models,http://arxiv.org/abs/2302.13971,rec2LNih9QFLaecPj
LLaMA-13B,0.605,2023-02-24,Meta AI,United States of America,7.8e+22,"1T tokens * 13B parameters * 6 FLOP/token/parameter = 7.8e22

from paper, Llama-13B took 135,168 GPU hours using A100s

312 trillion * 135,168 * 3600 = 1.518e23 FLOPs at full utilization
This implies that the actual utilization was:
MFU = 7.8e22/1.518e23 = 0.514",LLaMA 13B,1,,LLaMA: Open and Efficient Foundation Language Models,http://arxiv.org/abs/2302.13971,rec5ASfpNuRqmCRrk
LLaMA-33B,0.679,2023-02-24,Meta AI,United States of America,2.7300000000001e+23,1.4T tokens * 32.5B params * 6 FLOP/token/param = 2.73e+23 FLOP,LLaMA 33B,1,,LLaMA: Open and Efficient Foundation Language Models,http://arxiv.org/abs/2302.13971,recGlW4KYaVMMt6p6
LLaMA-65B,0.716,2023-02-24,Meta AI,United States of America,5.5e+23,1.4e12 tokens * 6.52e10 parameters * 6 FLOP/token/parameter = 5.5e23 FLOP,LLaMA 65B,1,,LLaMA: Open and Efficient Foundation Language Models,http://arxiv.org/abs/2302.13971,recys1yf6UaLOaiii
Gopher (280B),0.57,2021-12-08,DeepMind,United Kingdom of Great Britain and Northern Ireland,6.31e+23,"Table A26
6.31E+08 Train PFLOPs",Gopher 280B,5,,LLaMA: Open and Efficient Foundation Language Models,http://arxiv.org/abs/2302.13971,recYzKbqStsGq5bEP
Chinchilla (70B),0.641,2022-03-29,DeepMind,United Kingdom of Great Britain and Northern Ireland,5.76e+23,"""Both Chinchilla and Gopher have been trained for the same number of FLOPs but differ in the size of the model and the number of training tokens.""

We see the number of flops in table 3",Chinchilla 70B,5,,LLaMA: Open and Efficient Foundation Language Models,http://arxiv.org/abs/2302.13971,recwZkD2OfndyATZ9
LLaMA-7B,0.563,2023-02-24,Meta AI,United States of America,4.00000001e+22,"1T tokens * 6.7B parameters * 6 FLOP/token/parameter = 4e22 FLOP
",LLaMA 7B,5,,LLaMA: Open and Efficient Foundation Language Models,http://arxiv.org/abs/2302.13971,rec5trLGrVUUU8h9s
LLaMA-13B,0.631,2023-02-24,Meta AI,United States of America,7.8e+22,"1T tokens * 13B parameters * 6 FLOP/token/parameter = 7.8e22

from paper, Llama-13B took 135,168 GPU hours using A100s

312 trillion * 135,168 * 3600 = 1.518e23 FLOPs at full utilization
This implies that the actual utilization was:
MFU = 7.8e22/1.518e23 = 0.514",LLaMA 13B,5,,LLaMA: Open and Efficient Foundation Language Models,http://arxiv.org/abs/2302.13971,recJV7XYKa7kWSPU1
LLaMA-33B,0.699,2023-02-24,Meta AI,United States of America,2.7300000000001e+23,1.4T tokens * 32.5B params * 6 FLOP/token/param = 2.73e+23 FLOP,LLaMA 33B,5,,LLaMA: Open and Efficient Foundation Language Models,http://arxiv.org/abs/2302.13971,recwHiE8DvowuL4XI
LLaMA-65B,0.726,2023-02-24,Meta AI,United States of America,5.5e+23,1.4e12 tokens * 6.52e10 parameters * 6 FLOP/token/parameter = 5.5e23 FLOP,LLaMA 65B,5,,LLaMA: Open and Efficient Foundation Language Models,http://arxiv.org/abs/2302.13971,recglHj9DVjwTu3Zp
Gopher (280B),0.572,2021-12-08,DeepMind,United Kingdom of Great Britain and Northern Ireland,6.31e+23,"Table A26
6.31E+08 Train PFLOPs",Gopher 280B,64,,LLaMA: Open and Efficient Foundation Language Models,http://arxiv.org/abs/2302.13971,recHEkMoe2cRJB06H
Chinchilla (70B),0.646,2022-03-29,DeepMind,United Kingdom of Great Britain and Northern Ireland,5.76e+23,"""Both Chinchilla and Gopher have been trained for the same number of FLOPs but differ in the size of the model and the number of training tokens.""

We see the number of flops in table 3",Chinchilla 70B,64,,LLaMA: Open and Efficient Foundation Language Models,http://arxiv.org/abs/2302.13971,recOh6y9PPVkfB63f
LLaMA-7B,0.576,2023-02-24,Meta AI,United States of America,4.00000001e+22,"1T tokens * 6.7B parameters * 6 FLOP/token/parameter = 4e22 FLOP
",LLaMA 7B,64,,LLaMA: Open and Efficient Foundation Language Models,http://arxiv.org/abs/2302.13971,recGEjtYDWobf8nrj
LLaMA-13B,0.64,2023-02-24,Meta AI,United States of America,7.8e+22,"1T tokens * 13B parameters * 6 FLOP/token/parameter = 7.8e22

from paper, Llama-13B took 135,168 GPU hours using A100s

312 trillion * 135,168 * 3600 = 1.518e23 FLOPs at full utilization
This implies that the actual utilization was:
MFU = 7.8e22/1.518e23 = 0.514",LLaMA 13B,64,,LLaMA: Open and Efficient Foundation Language Models,http://arxiv.org/abs/2302.13971,recJ8krqb6kapQNSk
LLaMA-33B,0.704,2023-02-24,Meta AI,United States of America,2.7300000000001e+23,1.4T tokens * 32.5B params * 6 FLOP/token/param = 2.73e+23 FLOP,LLaMA 33B,64,,LLaMA: Open and Efficient Foundation Language Models,http://arxiv.org/abs/2302.13971,recnsnupizKu5Yg1D
LLaMA-65B,0.73,2023-02-24,Meta AI,United States of America,5.5e+23,1.4e12 tokens * 6.52e10 parameters * 6 FLOP/token/parameter = 5.5e23 FLOP,LLaMA 65B,64,,LLaMA: Open and Efficient Foundation Language Models,http://arxiv.org/abs/2302.13971,rec5qM6IHhVkLP5Mw
Gopher (280B),0.571,2021-12-08,DeepMind,United Kingdom of Great Britain and Northern Ireland,6.31e+23,"Table A26
6.31E+08 Train PFLOPs",Gopher 280B,64,,"Scaling Language Models: Methods, Analysis & Insights from Training Gopher",http://arxiv.org/abs/2112.11446,recEiFOxxUkVpTMNz
claude-instant-1.1,0.789,,Anthropic,United States of America,,,Claude Instant 1.1,5,,Releasing Claude Instant 1.2,https://www.anthropic.com/news/releasing-claude-instant-1-2,recit7IX6ZlepTNtS
claude-instant-1.2,0.787,2023-08-09,Anthropic,United States of America,,,Claude Instant 1.2,5,,Releasing Claude Instant 1.2,https://www.anthropic.com/news/releasing-claude-instant-1-2,recEOw6eMJ9XwFZTY
